"firstName","lastName","gender","favActivity","birthday"
"Singleton","Wyatt","male","Cupidatat dolore cupidatat dolor consectetur eiusmod. Ex esse proident quis excepteur ex. Nisi laboris ipsum mollit excepteur consequat ut cupidatat sint cupidatat ex ipsum. Anim quis sit ullamco velit enim aute culpa aute velit eiusmod sint laborum nostrud.\r\n","2007-06-19"
"Glenna","Chapman","female","Pariatur excepteur deserunt anim adipisicing dolor quis ipsum. Proident incididunt reprehenderit tempor labore excepteur fugiat id. Nisi consequat officia consequat elit officia eu tempor mollit et id ipsum aliquip. Commodo pariatur tempor mollit nostrud elit sunt id excepteur laborum. Irure veniam fugiat minim enim in culpa quis aliquip exercitation ut.\r\n","2015-05-02"
"Carolyn","Whitley","female","Incididunt ex incididunt fugiat culpa laborum qui elit amet Lorem excepteur qui do aute labore. Incididunt culpa consectetur excepteur laboris exercitation pariatur cupidatat commodo dolor pariatur dolor commodo deserunt. Ad aute ipsum sit ea reprehenderit deserunt aute deserunt eu cillum.\r\n","2012-12-11"
"Janell","Strong","female","In Lorem elit ullamco minim duis anim ullamco ea eu duis. Tempor laborum sunt proident amet et consequat. Nulla elit et veniam laborum aliquip eiusmod esse officia est est ea. Dolore labore cupidatat dolore fugiat esse duis tempor nulla quis id commodo esse duis. Est amet consectetur fugiat Lorem culpa culpa ea anim culpa ea reprehenderit laborum fugiat. Nisi irure aute proident Lorem commodo nostrud magna est nisi magna.\r\n","2000-07-15"
"Pena","Stein","male","Nostrud quis tempor velit mollit ex. Aliquip ut tempor exercitation nulla voluptate adipisicing pariatur duis officia tempor ipsum. Enim mollit cillum velit fugiat proident nostrud sunt et officia. Proident exercitation consectetur anim deserunt. Mollit eiusmod quis ex eu veniam ex.\r\n","1983-01-22"
"Wilson","Schroeder","male","Deserunt dolor do cupidatat est sint amet. Deserunt laboris pariatur ex labore do elit dolore nostrud amet. Tempor et sunt ad proident sunt ut velit dolor ullamco laboris veniam mollit. Minim nisi adipisicing veniam nostrud sit ex sit magna irure occaecat cupidatat mollit excepteur eiusmod. Voluptate cupidatat nulla tempor veniam veniam. Cillum ipsum exercitation enim enim aute culpa nulla Lorem laboris. Exercitation laboris et ipsum proident cupidatat magna magna cillum occaecat do laborum amet aliquip anim.\r\n","1990-09-09"
"Frazier","Stone","male","Ex duis velit ullamco Lorem sint occaecat elit. Fugiat pariatur sit ut aliquip velit duis consectetur in reprehenderit non minim Lorem elit. Do ipsum sunt adipisicing reprehenderit ea magna esse officia veniam do voluptate duis eiusmod do.\r\n","1996-6-13"
"Rollins","Ferrell","male","Do qui incididunt nisi ex incididunt culpa est. Consequat proident non occaecat labore nostrud commodo excepteur excepteur. Irure mollit deserunt minim minim consectetur mollit reprehenderit laboris id. Fugiat duis mollit do sit sit. Commodo Lorem officia magna voluptate cupidatat esse. Deserunt velit tempor qui laboris officia veniam ex sit labore et dolor velit tempor. Excepteur do nostrud officia incididunt pariatur nulla culpa proident amet ipsum est veniam nostrud.\r\n","2014-03-02"
"Schroeder","Petty","male","Culpa magna irure quis ut deserunt veniam. Et ullamco labore veniam excepteur ex aliquip sit adipisicing commodo enim anim. Id nisi sunt et et deserunt sint esse dolor tempor cillum nulla tempor sunt. Sunt consectetur ipsum enim anim mollit aliqua reprehenderit dolore.\r\n","2013-07-06"
"Georgina","Kelley","female","Culpa consequat elit veniam irure anim excepteur incididunt nostrud. Veniam elit cupidatat deserunt commodo occaecat dolor occaecat sunt sit do. Officia consequat id sunt exercitation labore anim incididunt occaecat. Velit sunt tempor dolore nulla.\r\n","1990-01-27"
"Flowers","Salinas","male","Occaecat culpa non irure labore non commodo laboris est ad cupidatat irure minim eu cupidatat. Laboris amet consequat non aute occaecat adipisicing esse occaecat aliqua ut commodo est. Non nisi anim est nulla incididunt dolore minim. Voluptate voluptate quis incididunt et. Fugiat Lorem aliqua laboris ad eu quis magna ex veniam id officia consequat.\r\n","2014-06-09"
"Lisa","Strickland","female","Officia quis et aliqua Lorem quis ex. Esse nulla ipsum elit velit anim anim excepteur cupidatat ullamco veniam deserunt adipisicing. Non ex nostrud amet irure irure. Mollit eiusmod velit ad pariatur mollit mollit magna laborum ex laboris non irure magna. Quis duis ipsum ex nisi adipisicing dolore dolor eiusmod. Dolor eiusmod eu duis adipisicing culpa voluptate non commodo. Tempor eu velit dolor labore est irure aliquip nulla.\r\n","1989-7-18"
"Marsha","Blackburn","female","Lorem sit qui pariatur sit dolor qui veniam culpa. Quis amet excepteur pariatur nisi et irure sunt dolor aute. Incididunt nulla sint tempor fugiat pariatur dolor quis sit dolore proident. Dolor proident dolor ex nostrud est in dolore non nulla nisi elit id nisi. Sit aute labore minim esse consectetur esse cillum nostrud aliquip occaecat tempor minim ad nisi.\r\n","2003-04-21"
"Lola","Durham","female","Esse laboris nulla ad consequat labore magna adipisicing quis elit. Voluptate ullamco elit commodo exercitation ullamco. Magna consectetur incididunt incididunt Lorem irure aliqua.\r\n","1984-10-11"
"Kathrine","Vance","female","Ullamco laborum cillum deserunt ipsum voluptate anim in in aute voluptate culpa reprehenderit tempor. Commodo Lorem enim excepteur duis esse eiusmod pariatur laboris sunt. Aliquip do in veniam in ex adipisicing aliquip velit Lorem amet. Nisi laboris ad amet fugiat Lorem deserunt et do irure. Esse non incididunt ipsum consequat enim enim tempor. Velit laborum anim veniam aute tempor officia duis proident eiusmod ut mollit. Ut adipisicing velit sunt labore anim.\r\n","1998-10-03"
"Lupe","Marks","female","Deserunt commodo magna cupidatat deserunt nostrud do duis dolore. Dolore reprehenderit aliquip do labore aute ea. Irure commodo aliqua cillum adipisicing ut pariatur ullamco commodo aliquip velit do qui. Nulla labore do minim duis magna cillum et anim sunt amet sint.\r\n","1989-04-11"
"Ferguson","Alexander","male","Eu elit fugiat enim deserunt qui id. Deserunt deserunt ea veniam deserunt non reprehenderit qui esse consectetur. Pariatur incididunt commodo consectetur commodo et proident id. Irure laboris esse est laborum officia est ut minim ullamco pariatur aute. Aliquip magna velit sint sit veniam irure magna adipisicing et. Aute consectetur ea ad elit ut reprehenderit adipisicing ad et.\r\n","1986-06-17"
"Henrietta","Barr","female","Id esse tempor eu proident excepteur cillum ad ex aliqua do deserunt adipisicing consequat velit. Fugiat nulla cupidatat veniam sit nulla irure nisi ad qui id laborum excepteur cupidatat. Cillum proident est ipsum in mollit minim ipsum officia ad deserunt. Deserunt non magna ut incididunt aliqua quis minim tempor velit velit adipisicing. Nulla pariatur voluptate ex deserunt elit esse tempor aute proident ad est aliquip veniam. Veniam sint cupidatat amet tempor velit mollit adipisicing.\r\n","1982-02-01"
"Jarvis","Moore","male","Tempor minim officia mollit dolor duis esse sint fugiat sit cillum duis dolor amet. Ex et minim eu consectetur qui consectetur nisi tempor laboris consectetur magna dolor. Enim excepteur est reprehenderit in officia ullamco in. Non voluptate anim magna pariatur deserunt eiusmod ad cillum do. Qui eu sit labore ea mollit adipisicing elit nisi voluptate qui sit minim eu. Aliquip sit exercitation mollit aliqua.\r\n","2008-07-30"
"Parsons","Harris","male","Mollit elit elit deserunt culpa id. Consequat exercitation cupidatat consectetur consectetur in eu ut pariatur consequat sunt. Laboris reprehenderit minim deserunt adipisicing labore esse aliquip laboris ex aute. Dolore reprehenderit magna proident qui anim. Fugiat nostrud dolore consectetur eu cupidatat ea.\r\n","2015-01-15"
